title,description,tags
Protected routes with React Router,How can I protect routes and redirect unauthenticated users?,"react,router,auth"
Redux vs Context API,Which one should I use for global state management in React?,"redux,react,context"
Socket.io setup for chat app,How to integrate Socket.io with a MERN chat app?,"socket.io,realtime,chat"
Token expiration handling,How do I automatically logout users when JWT token expires in frontend?,"jwt,react,auth"
React routing not working,I used react-router-dom but get a blank screen after navigating.,"react,router"
Mongoose schema validation,How can I add required field validation in Mongoose?,"mongoose,validation"
Deploy MERN app to Render,What are the steps to deploy a MERN stack project on Render?,"mern,render,deployment"
React form validation,How to validate forms using useState and useEffect in React?,"react,forms,validation"
React form validation,How to validate forms using useState and useEffect in React?,"react,forms,validation"
Connect MongoDB with Node,How to connect MongoDB to a Node.js backend using Mongoose?,"nodejs,mongodb,mongoose"
State vs Props in React,What are the key differences between props and state in React components?,"react,state,props"
Express middleware not working,Middleware is not getting called even after adding it to the route.,"express,middleware"
React form validation,How to validate forms using useState and useEffect in React?,"react,forms,validation"
Understanding async/await in Node.js,How does async/await work with Promises in Node.js?,"nodejs,async,await"
Mongoose schema validation,How can I add required field validation in Mongoose?,"mongoose,validation"
Connect MongoDB with Node,How to connect MongoDB to a Node.js backend using Mongoose?,"nodejs,mongodb,mongoose"
Socket.io setup for chat app,How to integrate Socket.io with a MERN chat app?,"socket.io,realtime,chat"
Error handling in Express,How to handle global errors in Express apps?,"express,error-handling"
Protected routes with React Router,How can I protect routes and redirect unauthenticated users?,"react,router,auth"
State vs Props in React,What are the key differences between props and state in React components?,"react,state,props"
React form validation,How to validate forms using useState and useEffect in React?,"react,forms,validation"
React lifecycle methods,Can someone explain the lifecycle methods in class components?,"react,lifecycle"
Mongoose schema validation,How can I add required field validation in Mongoose?,"mongoose,validation"
Redux vs Context API,Which one should I use for global state management in React?,"redux,react,context"
Cross-Origin error in React,I'm getting CORS error when calling backend API from frontend.,"react,nodejs,cors"
Redux vs Context API,Which one should I use for global state management in React?,"redux,react,context"
React lifecycle methods,Can someone explain the lifecycle methods in class components?,"react,lifecycle"
Protected routes with React Router,How can I protect routes and redirect unauthenticated users?,"react,router,auth"
State vs Props in React,What are the key differences between props and state in React components?,"react,state,props"
JWT authentication flow,Can someone explain how JWT works in frontend and backend authentication?,"jwt,auth,nodejs"
State vs Props in React,What are the key differences between props and state in React components?,"react,state,props"
Cross-Origin error in React,I'm getting CORS error when calling backend API from frontend.,"react,nodejs,cors"
Error handling in Express,How to handle global errors in Express apps?,"express,error-handling"
React lifecycle methods,Can someone explain the lifecycle methods in class components?,"react,lifecycle"
Error handling in Express,How to handle global errors in Express apps?,"express,error-handling"
Socket.io setup for chat app,How to integrate Socket.io with a MERN chat app?,"socket.io,realtime,chat"
Token expiration handling,How do I automatically logout users when JWT token expires in frontend?,"jwt,react,auth"
Google OAuth login integration,Need help integrating Google login in my MERN app.,"oauth,google,auth"
Socket.io setup for chat app,How to integrate Socket.io with a MERN chat app?,"socket.io,realtime,chat"
MongoDB aggregation pipeline,How to use $group and $match operators in MongoDB for data aggregation?,"mongodb,aggregation"
How to use useEffect in React?,I want to fetch API data using useEffect and update state when the component mounts.,"react,hooks"
React form validation,How to validate forms using useState and useEffect in React?,"react,forms,validation"
Cross-Origin error in React,I'm getting CORS error when calling backend API from frontend.,"react,nodejs,cors"
How to use useEffect in React?,I want to fetch API data using useEffect and update state when the component mounts.,"react,hooks"
Protected routes with React Router,How can I protect routes and redirect unauthenticated users?,"react,router,auth"
Redux vs Context API,Which one should I use for global state management in React?,"redux,react,context"
How to use useEffect in React?,I want to fetch API data using useEffect and update state when the component mounts.,"react,hooks"
React form validation,How to validate forms using useState and useEffect in React?,"react,forms,validation"
Deploy MERN app to Render,What are the steps to deploy a MERN stack project on Render?,"mern,render,deployment"
React form validation,How to validate forms using useState and useEffect in React?,"react,forms,validation"
Password hashing in Node.js,What is the best way to hash passwords before saving in MongoDB?,"nodejs,security,hashing"
Express middleware not working,Middleware is not getting called even after adding it to the route.,"express,middleware"
Connect MongoDB with Node,How to connect MongoDB to a Node.js backend using Mongoose?,"nodejs,mongodb,mongoose"
Protected routes with React Router,How can I protect routes and redirect unauthenticated users?,"react,router,auth"
MongoDB aggregation pipeline,How to use $group and $match operators in MongoDB for data aggregation?,"mongodb,aggregation"
Understanding async/await in Node.js,How does async/await work with Promises in Node.js?,"nodejs,async,await"
Password hashing in Node.js,What is the best way to hash passwords before saving in MongoDB?,"nodejs,security,hashing"
MongoDB aggregation pipeline,How to use $group and $match operators in MongoDB for data aggregation?,"mongodb,aggregation"
MongoDB aggregation pipeline,How to use $group and $match operators in MongoDB for data aggregation?,"mongodb,aggregation"
Connect MongoDB with Node,How to connect MongoDB to a Node.js backend using Mongoose?,"nodejs,mongodb,mongoose"
Deploy MERN app to Render,What are the steps to deploy a MERN stack project on Render?,"mern,render,deployment"
Socket.io setup for chat app,How to integrate Socket.io with a MERN chat app?,"socket.io,realtime,chat"
Understanding async/await in Node.js,How does async/await work with Promises in Node.js?,"nodejs,async,await"
Express middleware not working,Middleware is not getting called even after adding it to the route.,"express,middleware"
How to use useEffect in React?,I want to fetch API data using useEffect and update state when the component mounts.,"react,hooks"
Connect MongoDB with Node,How to connect MongoDB to a Node.js backend using Mongoose?,"nodejs,mongodb,mongoose"
Socket.io setup for chat app,How to integrate Socket.io with a MERN chat app?,"socket.io,realtime,chat"
Token expiration handling,How do I automatically logout users when JWT token expires in frontend?,"jwt,react,auth"
State vs Props in React,What are the key differences between props and state in React components?,"react,state,props"
How to use useEffect in React?,I want to fetch API data using useEffect and update state when the component mounts.,"react,hooks"
Redux vs Context API,Which one should I use for global state management in React?,"redux,react,context"
Express middleware not working,Middleware is not getting called even after adding it to the route.,"express,middleware"
MongoDB aggregation pipeline,How to use $group and $match operators in MongoDB for data aggregation?,"mongodb,aggregation"
Error handling in Express,How to handle global errors in Express apps?,"express,error-handling"
Connect MongoDB with Node,How to connect MongoDB to a Node.js backend using Mongoose?,"nodejs,mongodb,mongoose"
React routing not working,I used react-router-dom but get a blank screen after navigating.,"react,router"
JWT authentication flow,Can someone explain how JWT works in frontend and backend authentication?,"jwt,auth,nodejs"
Socket.io setup for chat app,How to integrate Socket.io with a MERN chat app?,"socket.io,realtime,chat"
Connect MongoDB with Node,How to connect MongoDB to a Node.js backend using Mongoose?,"nodejs,mongodb,mongoose"
Token expiration handling,How do I automatically logout users when JWT token expires in frontend?,"jwt,react,auth"
Password hashing in Node.js,What is the best way to hash passwords before saving in MongoDB?,"nodejs,security,hashing"
React lifecycle methods,Can someone explain the lifecycle methods in class components?,"react,lifecycle"
Connect MongoDB with Node,How to connect MongoDB to a Node.js backend using Mongoose?,"nodejs,mongodb,mongoose"
Password hashing in Node.js,What is the best way to hash passwords before saving in MongoDB?,"nodejs,security,hashing"
Protected routes with React Router,How can I protect routes and redirect unauthenticated users?,"react,router,auth"
Express middleware not working,Middleware is not getting called even after adding it to the route.,"express,middleware"
How to use useEffect in React?,I want to fetch API data using useEffect and update state when the component mounts.,"react,hooks"
Password hashing in Node.js,What is the best way to hash passwords before saving in MongoDB?,"nodejs,security,hashing"
React form validation,How to validate forms using useState and useEffect in React?,"react,forms,validation"
Cross-Origin error in React,I'm getting CORS error when calling backend API from frontend.,"react,nodejs,cors"
State vs Props in React,What are the key differences between props and state in React components?,"react,state,props"
Google OAuth login integration,Need help integrating Google login in my MERN app.,"oauth,google,auth"
React form validation,How to validate forms using useState and useEffect in React?,"react,forms,validation"
Connect MongoDB with Node,How to connect MongoDB to a Node.js backend using Mongoose?,"nodejs,mongodb,mongoose"
Socket.io setup for chat app,How to integrate Socket.io with a MERN chat app?,"socket.io,realtime,chat"
Protected routes with React Router,How can I protect routes and redirect unauthenticated users?,"react,router,auth"
Socket.io setup for chat app,How to integrate Socket.io with a MERN chat app?,"socket.io,realtime,chat"
Connect MongoDB with Node,How to connect MongoDB to a Node.js backend using Mongoose?,"nodejs,mongodb,mongoose"
Express middleware not working,Middleware is not getting called even after adding it to the route.,"express,middleware"
State vs Props in React,What are the key differences between props and state in React components?,"react,state,props"
Mongoose schema validation,How can I add required field validation in Mongoose?,"mongoose,validation"
Token expiration handling,How do I automatically logout users when JWT token expires in frontend?,"jwt,react,auth"
Express middleware not working,Middleware is not getting called even after adding it to the route.,"express,middleware"
Understanding async/await in Node.js,How does async/await work with Promises in Node.js?,"nodejs,async,await"
Connect MongoDB with Node,How to connect MongoDB to a Node.js backend using Mongoose?,"nodejs,mongodb,mongoose"
Protected routes with React Router,How can I protect routes and redirect unauthenticated users?,"react,router,auth"
Password hashing in Node.js,What is the best way to hash passwords before saving in MongoDB?,"nodejs,security,hashing"
Redux vs Context API,Which one should I use for global state management in React?,"redux,react,context"
How to use useEffect in React?,I want to fetch API data using useEffect and update state when the component mounts.,"react,hooks"
Express middleware not working,Middleware is not getting called even after adding it to the route.,"express,middleware"
Mongoose schema validation,How can I add required field validation in Mongoose?,"mongoose,validation"
React routing not working,I used react-router-dom but get a blank screen after navigating.,"react,router"
React routing not working,I used react-router-dom but get a blank screen after navigating.,"react,router"
Cross-Origin error in React,I'm getting CORS error when calling backend API from frontend.,"react,nodejs,cors"
Deploy MERN app to Render,What are the steps to deploy a MERN stack project on Render?,"mern,render,deployment"
Google OAuth login integration,Need help integrating Google login in my MERN app.,"oauth,google,auth"
How to use useEffect in React?,I want to fetch API data using useEffect and update state when the component mounts.,"react,hooks"
React form validation,How to validate forms using useState and useEffect in React?,"react,forms,validation"
Socket.io setup for chat app,How to integrate Socket.io with a MERN chat app?,"socket.io,realtime,chat"
MongoDB aggregation pipeline,How to use $group and $match operators in MongoDB for data aggregation?,"mongodb,aggregation"
MongoDB aggregation pipeline,How to use $group and $match operators in MongoDB for data aggregation?,"mongodb,aggregation"
React routing not working,I used react-router-dom but get a blank screen after navigating.,"react,router"
Mongoose schema validation,How can I add required field validation in Mongoose?,"mongoose,validation"
Deploy MERN app to Render,What are the steps to deploy a MERN stack project on Render?,"mern,render,deployment"
React lifecycle methods,Can someone explain the lifecycle methods in class components?,"react,lifecycle"
Token expiration handling,How do I automatically logout users when JWT token expires in frontend?,"jwt,react,auth"
Token expiration handling,How do I automatically logout users when JWT token expires in frontend?,"jwt,react,auth"
Google OAuth login integration,Need help integrating Google login in my MERN app.,"oauth,google,auth"
How to use useEffect in React?,I want to fetch API data using useEffect and update state when the component mounts.,"react,hooks"
Password hashing in Node.js,What is the best way to hash passwords before saving in MongoDB?,"nodejs,security,hashing"
Connect MongoDB with Node,How to connect MongoDB to a Node.js backend using Mongoose?,"nodejs,mongodb,mongoose"
React form validation,How to validate forms using useState and useEffect in React?,"react,forms,validation"
JWT authentication flow,Can someone explain how JWT works in frontend and backend authentication?,"jwt,auth,nodejs"
Redux vs Context API,Which one should I use for global state management in React?,"redux,react,context"
Deploy MERN app to Render,What are the steps to deploy a MERN stack project on Render?,"mern,render,deployment"
Cross-Origin error in React,I'm getting CORS error when calling backend API from frontend.,"react,nodejs,cors"
How to use useEffect in React?,I want to fetch API data using useEffect and update state when the component mounts.,"react,hooks"
Express middleware not working,Middleware is not getting called even after adding it to the route.,"express,middleware"
Cross-Origin error in React,I'm getting CORS error when calling backend API from frontend.,"react,nodejs,cors"
How to use useEffect in React?,I want to fetch API data using useEffect and update state when the component mounts.,"react,hooks"
Understanding async/await in Node.js,How does async/await work with Promises in Node.js?,"nodejs,async,await"
State vs Props in React,What are the key differences between props and state in React components?,"react,state,props"
Socket.io setup for chat app,How to integrate Socket.io with a MERN chat app?,"socket.io,realtime,chat"
Deploy MERN app to Render,What are the steps to deploy a MERN stack project on Render?,"mern,render,deployment"
Express middleware not working,Middleware is not getting called even after adding it to the route.,"express,middleware"
Google OAuth login integration,Need help integrating Google login in my MERN app.,"oauth,google,auth"
Cross-Origin error in React,I'm getting CORS error when calling backend API from frontend.,"react,nodejs,cors"
Cross-Origin error in React,I'm getting CORS error when calling backend API from frontend.,"react,nodejs,cors"
Google OAuth login integration,Need help integrating Google login in my MERN app.,"oauth,google,auth"
Deploy MERN app to Render,What are the steps to deploy a MERN stack project on Render?,"mern,render,deployment"
Token expiration handling,How do I automatically logout users when JWT token expires in frontend?,"jwt,react,auth"
MongoDB aggregation pipeline,How to use $group and $match operators in MongoDB for data aggregation?,"mongodb,aggregation"
Cross-Origin error in React,I'm getting CORS error when calling backend API from frontend.,"react,nodejs,cors"
Protected routes with React Router,How can I protect routes and redirect unauthenticated users?,"react,router,auth"
Password hashing in Node.js,What is the best way to hash passwords before saving in MongoDB?,"nodejs,security,hashing"
Cross-Origin error in React,I'm getting CORS error when calling backend API from frontend.,"react,nodejs,cors"
Error handling in Express,How to handle global errors in Express apps?,"express,error-handling"
Token expiration handling,How do I automatically logout users when JWT token expires in frontend?,"jwt,react,auth"
State vs Props in React,What are the key differences between props and state in React components?,"react,state,props"
Google OAuth login integration,Need help integrating Google login in my MERN app.,"oauth,google,auth"
Google OAuth login integration,Need help integrating Google login in my MERN app.,"oauth,google,auth"
Password hashing in Node.js,What is the best way to hash passwords before saving in MongoDB?,"nodejs,security,hashing"
Understanding async/await in Node.js,How does async/await work with Promises in Node.js?,"nodejs,async,await"
Socket.io setup for chat app,How to integrate Socket.io with a MERN chat app?,"socket.io,realtime,chat"
Deploy MERN app to Render,What are the steps to deploy a MERN stack project on Render?,"mern,render,deployment"
Token expiration handling,How do I automatically logout users when JWT token expires in frontend?,"jwt,react,auth"
React form validation,How to validate forms using useState and useEffect in React?,"react,forms,validation"
Express middleware not working,Middleware is not getting called even after adding it to the route.,"express,middleware"
Password hashing in Node.js,What is the best way to hash passwords before saving in MongoDB?,"nodejs,security,hashing"
How to use useEffect in React?,I want to fetch API data using useEffect and update state when the component mounts.,"react,hooks"
How to use useEffect in React?,I want to fetch API data using useEffect and update state when the component mounts.,"react,hooks"
Understanding async/await in Node.js,How does async/await work with Promises in Node.js?,"nodejs,async,await"
Token expiration handling,How do I automatically logout users when JWT token expires in frontend?,"jwt,react,auth"
React lifecycle methods,Can someone explain the lifecycle methods in class components?,"react,lifecycle"
Understanding async/await in Node.js,How does async/await work with Promises in Node.js?,"nodejs,async,await"
Cross-Origin error in React,I'm getting CORS error when calling backend API from frontend.,"react,nodejs,cors"
Redux vs Context API,Which one should I use for global state management in React?,"redux,react,context"
Password hashing in Node.js,What is the best way to hash passwords before saving in MongoDB?,"nodejs,security,hashing"
State vs Props in React,What are the key differences between props and state in React components?,"react,state,props"
Password hashing in Node.js,What is the best way to hash passwords before saving in MongoDB?,"nodejs,security,hashing"
Socket.io setup for chat app,How to integrate Socket.io with a MERN chat app?,"socket.io,realtime,chat"
State vs Props in React,What are the key differences between props and state in React components?,"react,state,props"
Token expiration handling,How do I automatically logout users when JWT token expires in frontend?,"jwt,react,auth"
State vs Props in React,What are the key differences between props and state in React components?,"react,state,props"
Google OAuth login integration,Need help integrating Google login in my MERN app.,"oauth,google,auth"
Cross-Origin error in React,I'm getting CORS error when calling backend API from frontend.,"react,nodejs,cors"
How to use useEffect in React?,I want to fetch API data using useEffect and update state when the component mounts.,"react,hooks"
Socket.io setup for chat app,How to integrate Socket.io with a MERN chat app?,"socket.io,realtime,chat"
Mongoose schema validation,How can I add required field validation in Mongoose?,"mongoose,validation"
Protected routes with React Router,How can I protect routes and redirect unauthenticated users?,"react,router,auth"
State vs Props in React,What are the key differences between props and state in React components?,"react,state,props"
Cross-Origin error in React,I'm getting CORS error when calling backend API from frontend.,"react,nodejs,cors"
MongoDB aggregation pipeline,How to use $group and $match operators in MongoDB for data aggregation?,"mongodb,aggregation"
Connect MongoDB with Node,How to connect MongoDB to a Node.js backend using Mongoose?,"nodejs,mongodb,mongoose"
State vs Props in React,What are the key differences between props and state in React components?,"react,state,props"
Understanding async/await in Node.js,How does async/await work with Promises in Node.js?,"nodejs,async,await"
State vs Props in React,What are the key differences between props and state in React components?,"react,state,props"
Protected routes with React Router,How can I protect routes and redirect unauthenticated users?,"react,router,auth"
State vs Props in React,What are the key differences between props and state in React components?,"react,state,props"
Deploy MERN app to Render,What are the steps to deploy a MERN stack project on Render?,"mern,render,deployment"
Understanding async/await in Node.js,How does async/await work with Promises in Node.js?,"nodejs,async,await"
Deploy MERN app to Render,What are the steps to deploy a MERN stack project on Render?,"mern,render,deployment"
Express middleware not working,Middleware is not getting called even after adding it to the route.,"express,middleware"
Socket.io setup for chat app,How to integrate Socket.io with a MERN chat app?,"socket.io,realtime,chat"
Socket.io setup for chat app,How to integrate Socket.io with a MERN chat app?,"socket.io,realtime,chat"
Deploy MERN app to Render,What are the steps to deploy a MERN stack project on Render?,"mern,render,deployment"
React lifecycle methods,Can someone explain the lifecycle methods in class components?,"react,lifecycle"
State vs Props in React,What are the key differences between props and state in React components?,"react,state,props"
Token expiration handling,How do I automatically logout users when JWT token expires in frontend?,"jwt,react,auth"
State vs Props in React,What are the key differences between props and state in React components?,"react,state,props"
Protected routes with React Router,How can I protect routes and redirect unauthenticated users?,"react,router,auth"
Socket.io setup for chat app,How to integrate Socket.io with a MERN chat app?,"socket.io,realtime,chat"
State vs Props in React,What are the key differences between props and state in React components?,"react,state,props"
Socket.io setup for chat app,How to integrate Socket.io with a MERN chat app?,"socket.io,realtime,chat"
Connect MongoDB with Node,How to connect MongoDB to a Node.js backend using Mongoose?,"nodejs,mongodb,mongoose"
Password hashing in Node.js,What is the best way to hash passwords before saving in MongoDB?,"nodejs,security,hashing"
MongoDB aggregation pipeline,How to use $group and $match operators in MongoDB for data aggregation?,"mongodb,aggregation"
How to use useEffect in React?,I want to fetch API data using useEffect and update state when the component mounts.,"react,hooks"
MongoDB aggregation pipeline,How to use $group and $match operators in MongoDB for data aggregation?,"mongodb,aggregation"
Deploy MERN app to Render,What are the steps to deploy a MERN stack project on Render?,"mern,render,deployment"
Protected routes with React Router,How can I protect routes and redirect unauthenticated users?,"react,router,auth"
State vs Props in React,What are the key differences between props and state in React components?,"react,state,props"
JWT authentication flow,Can someone explain how JWT works in frontend and backend authentication?,"jwt,auth,nodejs"
Error handling in Express,How to handle global errors in Express apps?,"express,error-handling"
Deploy MERN app to Render,What are the steps to deploy a MERN stack project on Render?,"mern,render,deployment"
React form validation,How to validate forms using useState and useEffect in React?,"react,forms,validation"
Connect MongoDB with Node,How to connect MongoDB to a Node.js backend using Mongoose?,"nodejs,mongodb,mongoose"
React form validation,How to validate forms using useState and useEffect in React?,"react,forms,validation"
Connect MongoDB with Node,How to connect MongoDB to a Node.js backend using Mongoose?,"nodejs,mongodb,mongoose"
JWT authentication flow,Can someone explain how JWT works in frontend and backend authentication?,"jwt,auth,nodejs"
Error handling in Express,How to handle global errors in Express apps?,"express,error-handling"
Deploy MERN app to Render,What are the steps to deploy a MERN stack project on Render?,"mern,render,deployment"
Token expiration handling,How do I automatically logout users when JWT token expires in frontend?,"jwt,react,auth"
JWT authentication flow,Can someone explain how JWT works in frontend and backend authentication?,"jwt,auth,nodejs"
Token expiration handling,How do I automatically logout users when JWT token expires in frontend?,"jwt,react,auth"
State vs Props in React,What are the key differences between props and state in React components?,"react,state,props"
How to use useEffect in React?,I want to fetch API data using useEffect and update state when the component mounts.,"react,hooks"
MongoDB aggregation pipeline,How to use $group and $match operators in MongoDB for data aggregation?,"mongodb,aggregation"
Protected routes with React Router,How can I protect routes and redirect unauthenticated users?,"react,router,auth"
Socket.io setup for chat app,How to integrate Socket.io with a MERN chat app?,"socket.io,realtime,chat"
Password hashing in Node.js,What is the best way to hash passwords before saving in MongoDB?,"nodejs,security,hashing"
Deploy MERN app to Render,What are the steps to deploy a MERN stack project on Render?,"mern,render,deployment"
Protected routes with React Router,How can I protect routes and redirect unauthenticated users?,"react,router,auth"
Cross-Origin error in React,I'm getting CORS error when calling backend API from frontend.,"react,nodejs,cors"
Deploy MERN app to Render,What are the steps to deploy a MERN stack project on Render?,"mern,render,deployment"
Cross-Origin error in React,I'm getting CORS error when calling backend API from frontend.,"react,nodejs,cors"
Token expiration handling,How do I automatically logout users when JWT token expires in frontend?,"jwt,react,auth"
React routing not working,I used react-router-dom but get a blank screen after navigating.,"react,router"
Password hashing in Node.js,What is the best way to hash passwords before saving in MongoDB?,"nodejs,security,hashing"
Mongoose schema validation,How can I add required field validation in Mongoose?,"mongoose,validation"
Error handling in Express,How to handle global errors in Express apps?,"express,error-handling"
How to use useEffect in React?,I want to fetch API data using useEffect and update state when the component mounts.,"react,hooks"
Cross-Origin error in React,I'm getting CORS error when calling backend API from frontend.,"react,nodejs,cors"
Understanding async/await in Node.js,How does async/await work with Promises in Node.js?,"nodejs,async,await"
React form validation,How to validate forms using useState and useEffect in React?,"react,forms,validation"
Google OAuth login integration,Need help integrating Google login in my MERN app.,"oauth,google,auth"
React lifecycle methods,Can someone explain the lifecycle methods in class components?,"react,lifecycle"
Deploy MERN app to Render,What are the steps to deploy a MERN stack project on Render?,"mern,render,deployment"
Google OAuth login integration,Need help integrating Google login in my MERN app.,"oauth,google,auth"
MongoDB aggregation pipeline,How to use $group and $match operators in MongoDB for data aggregation?,"mongodb,aggregation"
Express middleware not working,Middleware is not getting called even after adding it to the route.,"express,middleware"
Socket.io setup for chat app,How to integrate Socket.io with a MERN chat app?,"socket.io,realtime,chat"
Socket.io setup for chat app,How to integrate Socket.io with a MERN chat app?,"socket.io,realtime,chat"
How to use useEffect in React?,I want to fetch API data using useEffect and update state when the component mounts.,"react,hooks"
React form validation,How to validate forms using useState and useEffect in React?,"react,forms,validation"
React routing not working,I used react-router-dom but get a blank screen after navigating.,"react,router"
Protected routes with React Router,How can I protect routes and redirect unauthenticated users?,"react,router,auth"
Redux vs Context API,Which one should I use for global state management in React?,"redux,react,context"
Protected routes with React Router,How can I protect routes and redirect unauthenticated users?,"react,router,auth"
Express middleware not working,Middleware is not getting called even after adding it to the route.,"express,middleware"
Redux vs Context API,Which one should I use for global state management in React?,"redux,react,context"
React lifecycle methods,Can someone explain the lifecycle methods in class components?,"react,lifecycle"
Deploy MERN app to Render,What are the steps to deploy a MERN stack project on Render?,"mern,render,deployment"
JWT authentication flow,Can someone explain how JWT works in frontend and backend authentication?,"jwt,auth,nodejs"
Redux vs Context API,Which one should I use for global state management in React?,"redux,react,context"
Redux vs Context API,Which one should I use for global state management in React?,"redux,react,context"
MongoDB aggregation pipeline,How to use $group and $match operators in MongoDB for data aggregation?,"mongodb,aggregation"
Protected routes with React Router,How can I protect routes and redirect unauthenticated users?,"react,router,auth"
Socket.io setup for chat app,How to integrate Socket.io with a MERN chat app?,"socket.io,realtime,chat"
React lifecycle methods,Can someone explain the lifecycle methods in class components?,"react,lifecycle"
Protected routes with React Router,How can I protect routes and redirect unauthenticated users?,"react,router,auth"
React lifecycle methods,Can someone explain the lifecycle methods in class components?,"react,lifecycle"
Cross-Origin error in React,I'm getting CORS error when calling backend API from frontend.,"react,nodejs,cors"
Google OAuth login integration,Need help integrating Google login in my MERN app.,"oauth,google,auth"
Connect MongoDB with Node,How to connect MongoDB to a Node.js backend using Mongoose?,"nodejs,mongodb,mongoose"
JWT authentication flow,Can someone explain how JWT works in frontend and backend authentication?,"jwt,auth,nodejs"
Google OAuth login integration,Need help integrating Google login in my MERN app.,"oauth,google,auth"
Connect MongoDB with Node,How to connect MongoDB to a Node.js backend using Mongoose?,"nodejs,mongodb,mongoose"
Cross-Origin error in React,I'm getting CORS error when calling backend API from frontend.,"react,nodejs,cors"
Mongoose schema validation,How can I add required field validation in Mongoose?,"mongoose,validation"
Token expiration handling,How do I automatically logout users when JWT token expires in frontend?,"jwt,react,auth"
React routing not working,I used react-router-dom but get a blank screen after navigating.,"react,router"
Redux vs Context API,Which one should I use for global state management in React?,"redux,react,context"
Password hashing in Node.js,What is the best way to hash passwords before saving in MongoDB?,"nodejs,security,hashing"
Google OAuth login integration,Need help integrating Google login in my MERN app.,"oauth,google,auth"
Token expiration handling,How do I automatically logout users when JWT token expires in frontend?,"jwt,react,auth"
Google OAuth login integration,Need help integrating Google login in my MERN app.,"oauth,google,auth"
Express middleware not working,Middleware is not getting called even after adding it to the route.,"express,middleware"
Redux vs Context API,Which one should I use for global state management in React?,"redux,react,context"
Redux vs Context API,Which one should I use for global state management in React?,"redux,react,context"
React routing not working,I used react-router-dom but get a blank screen after navigating.,"react,router"
Error handling in Express,How to handle global errors in Express apps?,"express,error-handling"
Understanding async/await in Node.js,How does async/await work with Promises in Node.js?,"nodejs,async,await"
Google OAuth login integration,Need help integrating Google login in my MERN app.,"oauth,google,auth"
React lifecycle methods,Can someone explain the lifecycle methods in class components?,"react,lifecycle"
Protected routes with React Router,How can I protect routes and redirect unauthenticated users?,"react,router,auth"
Redux vs Context API,Which one should I use for global state management in React?,"redux,react,context"
JWT authentication flow,Can someone explain how JWT works in frontend and backend authentication?,"jwt,auth,nodejs"
Cross-Origin error in React,I'm getting CORS error when calling backend API from frontend.,"react,nodejs,cors"
Understanding async/await in Node.js,How does async/await work with Promises in Node.js?,"nodejs,async,await"
Google OAuth login integration,Need help integrating Google login in my MERN app.,"oauth,google,auth"
Error handling in Express,How to handle global errors in Express apps?,"express,error-handling"
Socket.io setup for chat app,How to integrate Socket.io with a MERN chat app?,"socket.io,realtime,chat"
Socket.io setup for chat app,How to integrate Socket.io with a MERN chat app?,"socket.io,realtime,chat"
Socket.io setup for chat app,How to integrate Socket.io with a MERN chat app?,"socket.io,realtime,chat"
React routing not working,I used react-router-dom but get a blank screen after navigating.,"react,router"
Google OAuth login integration,Need help integrating Google login in my MERN app.,"oauth,google,auth"
Understanding async/await in Node.js,How does async/await work with Promises in Node.js?,"nodejs,async,await"
Connect MongoDB with Node,How to connect MongoDB to a Node.js backend using Mongoose?,"nodejs,mongodb,mongoose"
Socket.io setup for chat app,How to integrate Socket.io with a MERN chat app?,"socket.io,realtime,chat"
Connect MongoDB with Node,How to connect MongoDB to a Node.js backend using Mongoose?,"nodejs,mongodb,mongoose"
React routing not working,I used react-router-dom but get a blank screen after navigating.,"react,router"
Redux vs Context API,Which one should I use for global state management in React?,"redux,react,context"
Redux vs Context API,Which one should I use for global state management in React?,"redux,react,context"
React routing not working,I used react-router-dom but get a blank screen after navigating.,"react,router"
React form validation,How to validate forms using useState and useEffect in React?,"react,forms,validation"
Cross-Origin error in React,I'm getting CORS error when calling backend API from frontend.,"react,nodejs,cors"
State vs Props in React,What are the key differences between props and state in React components?,"react,state,props"
React form validation,How to validate forms using useState and useEffect in React?,"react,forms,validation"
Understanding async/await in Node.js,How does async/await work with Promises in Node.js?,"nodejs,async,await"
MongoDB aggregation pipeline,How to use $group and $match operators in MongoDB for data aggregation?,"mongodb,aggregation"
Google OAuth login integration,Need help integrating Google login in my MERN app.,"oauth,google,auth"
Deploy MERN app to Render,What are the steps to deploy a MERN stack project on Render?,"mern,render,deployment"
Token expiration handling,How do I automatically logout users when JWT token expires in frontend?,"jwt,react,auth"
Socket.io setup for chat app,How to integrate Socket.io with a MERN chat app?,"socket.io,realtime,chat"
Cross-Origin error in React,I'm getting CORS error when calling backend API from frontend.,"react,nodejs,cors"
React lifecycle methods,Can someone explain the lifecycle methods in class components?,"react,lifecycle"
State vs Props in React,What are the key differences between props and state in React components?,"react,state,props"
Mongoose schema validation,How can I add required field validation in Mongoose?,"mongoose,validation"
React routing not working,I used react-router-dom but get a blank screen after navigating.,"react,router"
React routing not working,I used react-router-dom but get a blank screen after navigating.,"react,router"
React lifecycle methods,Can someone explain the lifecycle methods in class components?,"react,lifecycle"
Token expiration handling,How do I automatically logout users when JWT token expires in frontend?,"jwt,react,auth"
Express middleware not working,Middleware is not getting called even after adding it to the route.,"express,middleware"
Protected routes with React Router,How can I protect routes and redirect unauthenticated users?,"react,router,auth"
Error handling in Express,How to handle global errors in Express apps?,"express,error-handling"
React form validation,How to validate forms using useState and useEffect in React?,"react,forms,validation"
Understanding async/await in Node.js,How does async/await work with Promises in Node.js?,"nodejs,async,await"
Redux vs Context API,Which one should I use for global state management in React?,"redux,react,context"
Redux vs Context API,Which one should I use for global state management in React?,"redux,react,context"
Express middleware not working,Middleware is not getting called even after adding it to the route.,"express,middleware"
State vs Props in React,What are the key differences between props and state in React components?,"react,state,props"
Password hashing in Node.js,What is the best way to hash passwords before saving in MongoDB?,"nodejs,security,hashing"
Mongoose schema validation,How can I add required field validation in Mongoose?,"mongoose,validation"
Understanding async/await in Node.js,How does async/await work with Promises in Node.js?,"nodejs,async,await"
React routing not working,I used react-router-dom but get a blank screen after navigating.,"react,router"
JWT authentication flow,Can someone explain how JWT works in frontend and backend authentication?,"jwt,auth,nodejs"
Password hashing in Node.js,What is the best way to hash passwords before saving in MongoDB?,"nodejs,security,hashing"
Error handling in Express,How to handle global errors in Express apps?,"express,error-handling"
MongoDB aggregation pipeline,How to use $group and $match operators in MongoDB for data aggregation?,"mongodb,aggregation"
React lifecycle methods,Can someone explain the lifecycle methods in class components?,"react,lifecycle"
MongoDB aggregation pipeline,How to use $group and $match operators in MongoDB for data aggregation?,"mongodb,aggregation"
How to use useEffect in React?,I want to fetch API data using useEffect and update state when the component mounts.,"react,hooks"
Express middleware not working,Middleware is not getting called even after adding it to the route.,"express,middleware"
How to use useEffect in React?,I want to fetch API data using useEffect and update state when the component mounts.,"react,hooks"
Connect MongoDB with Node,How to connect MongoDB to a Node.js backend using Mongoose?,"nodejs,mongodb,mongoose"
Understanding async/await in Node.js,How does async/await work with Promises in Node.js?,"nodejs,async,await"
Socket.io setup for chat app,How to integrate Socket.io with a MERN chat app?,"socket.io,realtime,chat"
React form validation,How to validate forms using useState and useEffect in React?,"react,forms,validation"
Protected routes with React Router,How can I protect routes and redirect unauthenticated users?,"react,router,auth"
Password hashing in Node.js,What is the best way to hash passwords before saving in MongoDB?,"nodejs,security,hashing"
Socket.io setup for chat app,How to integrate Socket.io with a MERN chat app?,"socket.io,realtime,chat"
MongoDB aggregation pipeline,How to use $group and $match operators in MongoDB for data aggregation?,"mongodb,aggregation"
Mongoose schema validation,How can I add required field validation in Mongoose?,"mongoose,validation"
React form validation,How to validate forms using useState and useEffect in React?,"react,forms,validation"
Understanding async/await in Node.js,How does async/await work with Promises in Node.js?,"nodejs,async,await"
Password hashing in Node.js,What is the best way to hash passwords before saving in MongoDB?,"nodejs,security,hashing"
Error handling in Express,How to handle global errors in Express apps?,"express,error-handling"
Google OAuth login integration,Need help integrating Google login in my MERN app.,"oauth,google,auth"
Password hashing in Node.js,What is the best way to hash passwords before saving in MongoDB?,"nodejs,security,hashing"
React lifecycle methods,Can someone explain the lifecycle methods in class components?,"react,lifecycle"
React form validation,How to validate forms using useState and useEffect in React?,"react,forms,validation"
State vs Props in React,What are the key differences between props and state in React components?,"react,state,props"
React form validation,How to validate forms using useState and useEffect in React?,"react,forms,validation"
How to use useEffect in React?,I want to fetch API data using useEffect and update state when the component mounts.,"react,hooks"
Error handling in Express,How to handle global errors in Express apps?,"express,error-handling"
React form validation,How to validate forms using useState and useEffect in React?,"react,forms,validation"
JWT authentication flow,Can someone explain how JWT works in frontend and backend authentication?,"jwt,auth,nodejs"
State vs Props in React,What are the key differences between props and state in React components?,"react,state,props"
Error handling in Express,How to handle global errors in Express apps?,"express,error-handling"
JWT authentication flow,Can someone explain how JWT works in frontend and backend authentication?,"jwt,auth,nodejs"
MongoDB aggregation pipeline,How to use $group and $match operators in MongoDB for data aggregation?,"mongodb,aggregation"
JWT authentication flow,Can someone explain how JWT works in frontend and backend authentication?,"jwt,auth,nodejs"
Connect MongoDB with Node,How to connect MongoDB to a Node.js backend using Mongoose?,"nodejs,mongodb,mongoose"
Token expiration handling,How do I automatically logout users when JWT token expires in frontend?,"jwt,react,auth"
How to use useEffect in React?,I want to fetch API data using useEffect and update state when the component mounts.,"react,hooks"
React routing not working,I used react-router-dom but get a blank screen after navigating.,"react,router"
React form validation,How to validate forms using useState and useEffect in React?,"react,forms,validation"
MongoDB aggregation pipeline,How to use $group and $match operators in MongoDB for data aggregation?,"mongodb,aggregation"
Redux vs Context API,Which one should I use for global state management in React?,"redux,react,context"
Password hashing in Node.js,What is the best way to hash passwords before saving in MongoDB?,"nodejs,security,hashing"
React routing not working,I used react-router-dom but get a blank screen after navigating.,"react,router"
Redux vs Context API,Which one should I use for global state management in React?,"redux,react,context"
How to use useEffect in React?,I want to fetch API data using useEffect and update state when the component mounts.,"react,hooks"
Cross-Origin error in React,I'm getting CORS error when calling backend API from frontend.,"react,nodejs,cors"
State vs Props in React,What are the key differences between props and state in React components?,"react,state,props"
Google OAuth login integration,Need help integrating Google login in my MERN app.,"oauth,google,auth"
Error handling in Express,How to handle global errors in Express apps?,"express,error-handling"
Cross-Origin error in React,I'm getting CORS error when calling backend API from frontend.,"react,nodejs,cors"
Token expiration handling,How do I automatically logout users when JWT token expires in frontend?,"jwt,react,auth"
Understanding async/await in Node.js,How does async/await work with Promises in Node.js?,"nodejs,async,await"
Understanding async/await in Node.js,How does async/await work with Promises in Node.js?,"nodejs,async,await"
Express middleware not working,Middleware is not getting called even after adding it to the route.,"express,middleware"
Redux vs Context API,Which one should I use for global state management in React?,"redux,react,context"
Token expiration handling,How do I automatically logout users when JWT token expires in frontend?,"jwt,react,auth"
Password hashing in Node.js,What is the best way to hash passwords before saving in MongoDB?,"nodejs,security,hashing"
Understanding async/await in Node.js,How does async/await work with Promises in Node.js?,"nodejs,async,await"
Google OAuth login integration,Need help integrating Google login in my MERN app.,"oauth,google,auth"
Redux vs Context API,Which one should I use for global state management in React?,"redux,react,context"
How to use useEffect in React?,I want to fetch API data using useEffect and update state when the component mounts.,"react,hooks"
React lifecycle methods,Can someone explain the lifecycle methods in class components?,"react,lifecycle"
React lifecycle methods,Can someone explain the lifecycle methods in class components?,"react,lifecycle"
React form validation,How to validate forms using useState and useEffect in React?,"react,forms,validation"
Deploy MERN app to Render,What are the steps to deploy a MERN stack project on Render?,"mern,render,deployment"
Understanding async/await in Node.js,How does async/await work with Promises in Node.js?,"nodejs,async,await"
Password hashing in Node.js,What is the best way to hash passwords before saving in MongoDB?,"nodejs,security,hashing"
Understanding async/await in Node.js,How does async/await work with Promises in Node.js?,"nodejs,async,await"
JWT authentication flow,Can someone explain how JWT works in frontend and backend authentication?,"jwt,auth,nodejs"
Socket.io setup for chat app,How to integrate Socket.io with a MERN chat app?,"socket.io,realtime,chat"
Password hashing in Node.js,What is the best way to hash passwords before saving in MongoDB?,"nodejs,security,hashing"
React lifecycle methods,Can someone explain the lifecycle methods in class components?,"react,lifecycle"
Understanding async/await in Node.js,How does async/await work with Promises in Node.js?,"nodejs,async,await"
Cross-Origin error in React,I'm getting CORS error when calling backend API from frontend.,"react,nodejs,cors"
State vs Props in React,What are the key differences between props and state in React components?,"react,state,props"
Mongoose schema validation,How can I add required field validation in Mongoose?,"mongoose,validation"
How to use useEffect in React?,I want to fetch API data using useEffect and update state when the component mounts.,"react,hooks"
Error handling in Express,How to handle global errors in Express apps?,"express,error-handling"
Express middleware not working,Middleware is not getting called even after adding it to the route.,"express,middleware"
React routing not working,I used react-router-dom but get a blank screen after navigating.,"react,router"
Express middleware not working,Middleware is not getting called even after adding it to the route.,"express,middleware"
Protected routes with React Router,How can I protect routes and redirect unauthenticated users?,"react,router,auth"
How to use useEffect in React?,I want to fetch API data using useEffect and update state when the component mounts.,"react,hooks"
React lifecycle methods,Can someone explain the lifecycle methods in class components?,"react,lifecycle"
React lifecycle methods,Can someone explain the lifecycle methods in class components?,"react,lifecycle"
How to use useEffect in React?,I want to fetch API data using useEffect and update state when the component mounts.,"react,hooks"
Token expiration handling,How do I automatically logout users when JWT token expires in frontend?,"jwt,react,auth"
Express middleware not working,Middleware is not getting called even after adding it to the route.,"express,middleware"
React lifecycle methods,Can someone explain the lifecycle methods in class components?,"react,lifecycle"
Redux vs Context API,Which one should I use for global state management in React?,"redux,react,context"
Cross-Origin error in React,I'm getting CORS error when calling backend API from frontend.,"react,nodejs,cors"
Deploy MERN app to Render,What are the steps to deploy a MERN stack project on Render?,"mern,render,deployment"
JWT authentication flow,Can someone explain how JWT works in frontend and backend authentication?,"jwt,auth,nodejs"
State vs Props in React,What are the key differences between props and state in React components?,"react,state,props"
React lifecycle methods,Can someone explain the lifecycle methods in class components?,"react,lifecycle"
Password hashing in Node.js,What is the best way to hash passwords before saving in MongoDB?,"nodejs,security,hashing"
Google OAuth login integration,Need help integrating Google login in my MERN app.,"oauth,google,auth"
Google OAuth login integration,Need help integrating Google login in my MERN app.,"oauth,google,auth"
Socket.io setup for chat app,How to integrate Socket.io with a MERN chat app?,"socket.io,realtime,chat"
State vs Props in React,What are the key differences between props and state in React components?,"react,state,props"
Express middleware not working,Middleware is not getting called even after adding it to the route.,"express,middleware"
React lifecycle methods,Can someone explain the lifecycle methods in class components?,"react,lifecycle"
Token expiration handling,How do I automatically logout users when JWT token expires in frontend?,"jwt,react,auth"
Deploy MERN app to Render,What are the steps to deploy a MERN stack project on Render?,"mern,render,deployment"
JWT authentication flow,Can someone explain how JWT works in frontend and backend authentication?,"jwt,auth,nodejs"
React lifecycle methods,Can someone explain the lifecycle methods in class components?,"react,lifecycle"
How to use useEffect in React?,I want to fetch API data using useEffect and update state when the component mounts.,"react,hooks"
Connect MongoDB with Node,How to connect MongoDB to a Node.js backend using Mongoose?,"nodejs,mongodb,mongoose"
React form validation,How to validate forms using useState and useEffect in React?,"react,forms,validation"
Redux vs Context API,Which one should I use for global state management in React?,"redux,react,context"
State vs Props in React,What are the key differences between props and state in React components?,"react,state,props"
Connect MongoDB with Node,How to connect MongoDB to a Node.js backend using Mongoose?,"nodejs,mongodb,mongoose"
Error handling in Express,How to handle global errors in Express apps?,"express,error-handling"
Redux vs Context API,Which one should I use for global state management in React?,"redux,react,context"
React form validation,How to validate forms using useState and useEffect in React?,"react,forms,validation"
How to use useEffect in React?,I want to fetch API data using useEffect and update state when the component mounts.,"react,hooks"
Error handling in Express,How to handle global errors in Express apps?,"express,error-handling"
Express middleware not working,Middleware is not getting called even after adding it to the route.,"express,middleware"
Connect MongoDB with Node,How to connect MongoDB to a Node.js backend using Mongoose?,"nodejs,mongodb,mongoose"
React lifecycle methods,Can someone explain the lifecycle methods in class components?,"react,lifecycle"
Token expiration handling,How do I automatically logout users when JWT token expires in frontend?,"jwt,react,auth"
Token expiration handling,How do I automatically logout users when JWT token expires in frontend?,"jwt,react,auth"
Mongoose schema validation,How can I add required field validation in Mongoose?,"mongoose,validation"
MongoDB aggregation pipeline,How to use $group and $match operators in MongoDB for data aggregation?,"mongodb,aggregation"
MongoDB aggregation pipeline,How to use $group and $match operators in MongoDB for data aggregation?,"mongodb,aggregation"
Deploy MERN app to Render,What are the steps to deploy a MERN stack project on Render?,"mern,render,deployment"
Token expiration handling,How do I automatically logout users when JWT token expires in frontend?,"jwt,react,auth"
Password hashing in Node.js,What is the best way to hash passwords before saving in MongoDB?,"nodejs,security,hashing"
Error handling in Express,How to handle global errors in Express apps?,"express,error-handling"
State vs Props in React,What are the key differences between props and state in React components?,"react,state,props"
Token expiration handling,How do I automatically logout users when JWT token expires in frontend?,"jwt,react,auth"
Cross-Origin error in React,I'm getting CORS error when calling backend API from frontend.,"react,nodejs,cors"
Understanding async/await in Node.js,How does async/await work with Promises in Node.js?,"nodejs,async,await"
JWT authentication flow,Can someone explain how JWT works in frontend and backend authentication?,"jwt,auth,nodejs"
Connect MongoDB with Node,How to connect MongoDB to a Node.js backend using Mongoose?,"nodejs,mongodb,mongoose"
Connect MongoDB with Node,How to connect MongoDB to a Node.js backend using Mongoose?,"nodejs,mongodb,mongoose"
Protected routes with React Router,How can I protect routes and redirect unauthenticated users?,"react,router,auth"
Socket.io setup for chat app,How to integrate Socket.io with a MERN chat app?,"socket.io,realtime,chat"
Token expiration handling,How do I automatically logout users when JWT token expires in frontend?,"jwt,react,auth"
Connect MongoDB with Node,How to connect MongoDB to a Node.js backend using Mongoose?,"nodejs,mongodb,mongoose"
Express middleware not working,Middleware is not getting called even after adding it to the route.,"express,middleware"
